﻿<?xml version="1.0" encoding="UTF-8" standalone="yes"?>
<addon id="KodiAddons" name="Kodi repository" version="0.0.2" provider-name="MatoMemo">
	<extension point="xbmc.addon.repository" name="Kodi Add-on Repository">
		<info compressed="false">http://raw.github.com/MatoMemo/KodiAddons/master/addons.xml</info>
		<checksum>http://raw.github.com/MatoMemo/KodiAddons/master/addons.xml.md5</checksum>
		<datadir zip="true">http://raw.github.com/MatoMemo/KodiAddons/master/repo/</datadir>
	</extension>
	<extension point="xbmc.addon.metadata">
		<summary>Kodi Addon</summary>
		<description>Addon Description</description>
		<disclaimer></disclaimer>
		<platform>all</platform>
	</extension>
</addon>